type,region,denomination,wine_name,menu_name,company,vine,year,reseller,price,sciolze_vinery,tastuma_vinery,service_temp,fridge_temp,fridge_type
Bollicine,Piemonte,Alta Langa DOCG ,Alta Langa DOCG ,Alta Langa Garesio,Garesio ssa,Pinot nero,2018,Garesio ssa,32,0,5,8-10°,8°,Bollicine 8°
Bollicine,Piemonte,Spumante Metodo Classico,Spumante Metodo Classico Patrone,Spumante Metodo Classico Patrone,Azienda Agricola Patrone Elena,Pinot nero,2018,Azienda Agricola Patrone Elena,25,0,6,8-10°,8°,Bollicine 8°
Bollicine,Piemonte,Metodo classico ,Parusso Metodo Classico,Parusso Metodo Classico,Parusso,Nebbiolo,2015,Cuzziol,45,3,6,8-10°,8°,Bollicine 8°
Bollicine,Piemonte,Metodo Classico,Arturo Bersano Metodo Classico,Arturo Bersano Metodo Classico,Bersano,Pinot Nero,2017,Bersano Vini,20,0,3,6-8°,8°,Bollicine 8°
Bollicine,Piemonte,Metodo Classico,Artur.0 Metodo Classico Pas Dosè,Artur.0 Metodo Classico Pas Dosè,Bersano,Pinot Nero,2012,Bersano Vini,28,0,10,6-8°,8°,Bollicine 8°
Bollicine,Piemonte,Metodo Classico,Mon Cavarè,Mon Cavarè Metodo Classico,Mandirola Vini,Timorasso,s.a.,Mandirola Vini,32,6,4,8-10°,8°,Bollicine 8°
Bollicine,Piemonte,Rosato Ancestrale,Rosso a metà,Rosso a metà,Ca' del Prete,"Freisa, Barbera e Malvasia di Schierano",2017,Vininversi,26,0,6,,,
Bollicine,Piemonte,Valsusa DOC,EOS,EOS La Chimera,La Chimera,Avana,s.a.,Proposta Vini,22,0,7,,,
Bollicine,Lombardia,Franciacorta DOCG,Franciacorta Brut,Franciacorta Brut,Ferghettina,85% Chardonnay 15% Pinot Nero,,Tastuma Tut,28,6,9,8-10°,8°,Bollicine 8°
Bollicine,Lombardia,Franciacorta DOCG,Franciacorta Extra Brut,Franciacorta Extra Brut,Ferghettina,80% Chardonnay 20% Pinot Nero,2013,Tastuma Tut,48,0,7,8-10°,8°,Bollicine 8°
Bollicine,Lombardia,Franciacorta DOCG,Franciacorta Satèn Brut,Franciacorta Satèn Brut,Ferghettina,Chardonnay,2017,Tastuma Tut,38,6,8,8-10°,8°,Bollicine 8°
Bollicine,Lombardia,Franciacorta DOCG,Franciacorta Extra Brut Blanc de Blanc,Franciacorta Extra Brut Blanc de Blanc,Sullali,Chardonnay,s.a.,Cuzziol,27,0,1,8-10°,8°,Bollicine 8°
Bollicine,Veneto,Rosato Ancestrale,Sollazzo,Sollazzo,Villa Calicantus,"Corvina, Rondinella, Molinara",2020,Vininversi,22,0,2,8-10°,8°,Bollicine 8°
Bollicine,Emilia Romagna ,Pignoletto DOCG,Sui Lieviti,Sui Lieviti,Orsi San Vito,"Pignoletto 97%, Albana e Riesling 3%",2019,Vininversi,22,0,5,8-10°,8°,Bollicine 8°
Bollicine,Emilia Romagna ,Lambrusco di Sorbara DOC,Lambrusco di Sorbara Leclisse ,Lambrusco di Sorbara Leclisse ,Paltrinieri,Lambrusco di Sorbara,2021,Proposta Vini ,18,3,6,10-14°,8°,Bollicine 8°
Bollicine,Campania,Spumante Metodo Classico,Nimà Nature Brut,Nimà Nature Brut,Caputo 1890,"Asprinio di Aversa, Pallagrello e Falanghina",s.a.,Caputo1890,24,0,6,10-14°,8°,Bollicine 8°
Bollicine,Campania,Spumante Metodo Classico,Caputo Brut,Caputo Brut,Caputo 1890,Asprinio di Aversa,2017,Caputo1890,35,0,4,10-14°,8°,Bollicine 8°
Bollicine,Sicilia,Etna DOC,La Gelsomina Brut,La Gelsomina Brut,Tenuta Orestiadi,Nerello Mascalese e Nerello Cappuccio,s.a.,Tenuta Orestiadi,31,0,2,12-14°,8°,Bollicine 8°
Bollicine,Sicilia,Etna DOC,La Gelsomina Rosè,La Gelsomina Rosè,Tenuta Orestiadi,Nerello Mascalese e Nerello Cappuccio,s.a.,Tenuta Orestiadi,31,0,4,12-14°,8°,Bollicine 8°
Bollicine,Sicilia,Terre Sciciliane IGT,Metodo Ancestrale Mood,Mood Metodo Ancestrale,Paolo Calì,Frappato,2018,Tastuma Tut,21,0,3,12-14°,8°,Bollicine 8°
Bollicine,Sardegna,Vino Spumante di Qualità,Q Brut,Q Brut,Quartomoro di Sardegna,Vermentino,s.a.,Proposta Vini,27,0,7,6-8°,8°,Bollicine 8°
Bollicine,Francia - Jura,Cremant du Jura AOC,Cremant du Jura,Cremant du Jura,Domaine Amelie Guillot,Chardonnay,,Pretzhof,32,0,1,8-10°,8°,Bollicine 8°
Bollicine,Francia - Champagne,Champagne AOC,La Jancelie,Champagne La Jancelie,Champagne Barrat Masson,Chardonnay,2017,Pretzhof,55,0,1,12°,8°,Bollicine 8°
Bollicine,Francia - Champagne,Champagne AOC,La Jancelie,Champagne La Jancelie,Champagne Barrat Masson,Chardonnay,2018,Pretzhof,55,0,3,12°,8°,Bollicine 8°
Bollicine,Francia - Champagne,Champagne AOC,Champagne Extra Brut Cuvee Tradition ,Champagne Extra Brut Cuvee Tradition ,Chardonnet & Fils,"70% Chardonnay, 30% Pinot Noir",s.a.,Darvin ,47,0,6,8-10°,8°,Bollicine 8°
Bollicine,Francia - Champagne,Champagne AOC,Champagne Nature Blanc de Meunier,Champagne Nature Blanc de Meunier,André Heucq,Pinot Meunier,s.a.,Darvin ,57,0,0,8-10°,8°,Bollicine 8°
Bianchi e Rosè,Piemonte,Vino Bianco Piemonte Cortese DOC,Piemonte Cortese,Piemonte Cortese,Albino Rocca,Cortese,2017,Tastuma Tut,24,0,3,8-10°,8°,Bianchi e Rosè 8°
Bianchi e Rosè,Piemonte,Vino Bianco,Otium,Otium,Tenuta Tenaglia,"Chardonnay, Semillion e Timorasso",s.a.,Tenuta Tenaglia,18,0,9,8-10°,8°,Bianchi e Rosè 8°
Bianchi e Rosè,Piemonte,Vino Bianco,Elianta,Elianta,Giro di Vite,Malvasia Moscata,2021,Giro di Vite,18,0,1,,,
Bianchi e Rosè,Piemonte,Vino Bianco,Baratuciat,Baratuciat,Juli,Baratuciat,s.a.,Eataly  ,30,6,7,8-10°,8°,Bianchi e Rosè 8°
Bianchi e Rosè,Piemonte,Roero  DOCG,Roero Arneis,Roero Arneis,Valfaccenda ,Arneis,2020,Tastuma Tut,22,0,3,8-10°,8°,Bianchi e Rosè 8°
Bianchi e Rosè,Piemonte,Roero  DOCG,Roero Arneis Riserva Loreto,Roero Arneis Riserva Loreto,Valfaccenda ,Arneis,2018,Tastuma Tut,31,0,3,10-12°,8°,Bianchi e Rosè 8°
Bianchi e Rosè,Piemonte,Vino Bianco,Moscato secco Evien,Moscato secco Evien,Ressia,Moscato   ,2019,Ressia,18,0,2,10-12°,8°,Bianchi e Rosè 8°
Bianchi e Rosè,Piemonte,Langhe DOC,Langhe Nascetta,Langhe Nascetta,Cascina Ballarin,Nascetta,2018,Tastuma Tut,18,0,0,6-8°,8°,Bianchi e Rosè 8°
Bianchi e Rosè,Piemonte,Langhe Nascetta DOC,Langhe Nascetta Borea,Langhe Nascetta Borea,Azienda Agricola Rivetto,Nascetta,2018,VinGlu,27,0,5,6-8°,8°,Bianchi e Rosè 8°
Bianchi e Rosè,Piemonte,Monferrato Bianco DOC,Carialoso,Carialoso,Marenco,Caricalasino,2020,Marenco,22,5,4,6-8°,8°,Bianchi e Rosè 8°
Bianchi e Rosè,Piemonte,Colli Tortonesi DOC,Munta l'è Ruma,Derthona Munta l'è Ruma,Boveri Giacomo,Timorasso,2018,Darvin ,25,0,5,8-10°,8°,Bianchi e Rosè 8°
Bianchi e Rosè,Piemonte,Colli Tortonesi DOC,Lacrime del Bricco,Derthona Le Lacrima del Bricco,Boveri Giacomo,Timorasso,2018,Darvin ,29,0,4,8-10°,8°,Bianchi e Rosè 8°
Bianchi e Rosè,Piemonte,Colli Tortonesi DOC,Derthona Mandirola,Derthona Mandirola,Mandirola Vini,Timorasso,2021,Mandirola Vini,24,6,4,8-10°,8°,Bianchi e Rosè 8°
Bianchi e Rosè,Piemonte,Colli Tortonesi DOC,Tantei,Derthona Tantei,Mandirola Vini,Timorasso,2020,Mandirola Vini,32,6,6,8-10°,8°,Bianchi e Rosè 8°
Bianchi e Rosè,Piemonte,Colli Tortonesi DOC,Derthona,Derthona Ricci,Azienda Agricola Ricci,Timorasso,2018,VinGlu,27,0,7,6-8°,8°,Bianchi e Rosè 8°
Bianchi e Rosè,Piemonte,Colli Tortonesi DOC,San Leto,San Leto,Azienda Agricola Ricci,Timorasso,2018,VinGlu,34,0,5,6-8°,8°,Bianchi e Rosè 8°
Bianchi e Rosè,Piemonte,Vino Bianco,Il Giallo di Costa,Il Giallo di Costa,Azienda Agricola Ricci,Timorasso,2018,VinGlu,38,4,3,6-8°,8°,Bianchi e Rosè 8°
Bianchi e Rosè,Piemonte,Vino Bianco,Io Cammino da Solo,Io Cammino da Solo,Azienda Agricola Ricci,Timorasso,2017,VinGlu,45,0,4,6-8°,8°,Bianchi e Rosè 8°
Bianchi e Rosè,Piemonte,Colli Tortonesi DOC,Derthona,Derthona Vigneti Massa,Vigneti Massa,Timorasso,2018,Proposta Vini,27,0,9,6-8°,8°,Bianchi e Rosè 8°
Bianchi e Rosè,Piemonte,Colli Tortonesi DOC,Derthona,Derthona Daglio,Daglio Giovanni,Timorasso,2019,Storie di Vite,22,0,1,6-8°,8°,Bianchi e Rosè 8°
Bianchi e Rosè,Piemonte,Colli Tortonesi DOC,Derthona Cantico,Derthona Cantico,Daglio Giovanni,Timorasso,2018,Storie di Vite,25,0,3,6-8°,8°,Bianchi e Rosè 8°
Bianchi e Rosè,Piemonte,Vino Bianco,Baccabianca,Baccabianca,Cascina Grillo,Cortese,2012,VinGlu,33,0,6,6-8°,8°,Bianchi e Rosè 8°
Bianchi e Rosè,Trentino Alto Adige,Alto Adige DOC,Cros del Mont,Gewurztraminer Cros del Mont,Pravis,Gewurztraminer  ,2021,Proposta Vini,20,0,3,7-9°,8°,Bianchi e Rosè 8°
Bianchi e Rosè,Trentino Alto Adige,Alto Adige DOC,Pinot Bianco,Pinot Bianco,Erste + Neue,Pinot Bianco,2019,Tastuma Tut,18,0,1,7-9°,8°,Bianchi e Rosè 8°
Bianchi e Rosè,Trentino Alto Adige,Pinot Bianco DOC,Pinot Bianco,Vial Pinot Bianco,Kellerei Kaltern,Pinot Bianco,2021,Kellerei Kaltern,20,0,14,,,
Bianchi e Rosè,Trentino Alto Adige,Kerner DOC,Carned Kerner,Carned Kerner,Kellerei Kaltern,Kerner,2021,Kellerei Kaltern,21,3,7,,,
Bianchi e Rosè,Friulia Venezia Giullia ,Collio DOC ,Sauvignon ,Sauvignon ,Doro Princic,Sauvignon ,2019,Cuzziol ,26,0,3,10-12°,8°,Bianchi e Rosè 8°
Bianchi e Rosè,Friulia Venezia Giullia ,Collio DOC ,Ribolla Gialla Et. Blu ,Ribolla Gialla Et. Blu ,Doro Princic,Ribolla Gialla ,2020,Cuzziol ,28,0,3,8-10°,8°,Bianchi e Rosè 8°
Bianchi e Rosè,Friulia Venezia Giullia ,Venezia Gulia IGT,Vitovska ,Vitovska ,Skerk ,Vitovska,2018,Proposta Vini ,40,0,7,10-12°,8°,Bianchi e Rosè 8°
Bianchi e Rosè,Friulia Venezia Giullia ,Malvasia DOC Collio,Malvasia DOC Collio,Malvasia DOC Collio,I Clivi,Malvasia Istriana,2019,Tastuma Tut,24,0,7,10-12°,8°,Bianchi e Rosè 8°
Bianchi e Rosè,Friulia Venezia Giullia ,Bianco Galea,Clivi Galea,Clivi Galea,I Clivi,Friulano e Verduzzo,2016,Tastuma Tut,28,0,5,10-12°,8°,Bianchi e Rosè 8°
Bianchi e Rosè,Marche,Verdichio di Matelica DOC ,Verdicchio di Matelica ,Verdichio di Matelica ,Collestefano ,verdicchio,2019,Darvin ,18,3,3,8-10°,8°,Bianchi e Rosè 8°
Bianchi e Rosè,Umbria,Spoleto DOC,Trebbiano Spolentino,Spoleto,Raina,Trebbiano Spoletino,2019,Vininversi,20,0,11,8-10°,8°,Bianchi e Rosè 8°
Bianchi e Rosè,Abruzzo,Colline Pescaresi IGT,Pecorino,Pecorino,Bosco ,Pecorino,2021,Bosco,19,6,6,8-10°,8°,Bianchi e Rosè 8°
Bianchi e Rosè,Campania,Cliento DOP,Fiano Kratos,Fiano Kratos,Luigi Maffini,Fiano,2019,Tastuma Tut,23,0,0,8-10°,8°,Bianchi e Rosè 8°
Bianchi e Rosè,Campania,Cliento DOP,Fiano Pietraincatenata,Fiano Pietraincatenata,Luigi Maffini,Fiano,2017,Tastuma Tut,33,0,7,8-10°,8°,Bianchi e Rosè 8°
Bianchi e Rosè,Campania,Asprinio di Aversa DOC,Fescine,Asprinio di Aversa Fescine,Caputo 1890,Asprinio di Aversa,2021,Caputo1890,19,2,5,10-14°,8°,Bianchi e Rosè 8°
Bianchi e Rosè,Sicilia,Terre Siciliane IGT,Grillo Blues,Grillo Blues,Paolo Calì,Grillo,2019,Tastuma Tut,18,0,2,10-12°,8°,Bianchi e Rosè 8°
Bianchi e Rosè,Sicilia,Etna Bianco DOC,Salisire - Contrada Martinella,Etna Bianco Salisire,Vivera,Carricante,2016,Tastuma Tut,25,4,4,8-10°,8°,Bianchi e Rosè 8°
Bianchi e Rosè,Sicilia,Etna Bianco DOC,Etna Bianco Ginestra ,Etna Bianco Ginestra ,Calcagno,Carricante,2019,Darvin ,26,0,6,10-12°,8°,Bianchi e Rosè 8°
Bianchi e Rosè,Sicilia,Sicilia DOC ,Zibibbo secco,Zibibbo secco,Tenuta Orestiadi,Zibibbo,2021,Tenuta Orestiadi,17,0,6,12-14°,8°,Bianchi e Rosè 8°
Bianchi e Rosè,Sardegna,Vermentino di Gallura Superiore DOCG,Vermentino Tanca Raina ,Vermentino di Gallura Superiore Tanca Raina ,Tanca Raina,Vermentino ,2020,Proposta Vini,25,0,7,10-12°,8°,Bianchi e Rosè 8°
Bianchi e Rosè,Sardegna,Vermentino di Gallura Superiore DOCG,Vermentino di Gallura Superiore Fria ,Vermentino di Gallura Superiore Fria ,Deperu Holler,Vermentino ,2019,Tastuma Tut,22,0,4,10-12°,8°,Bianchi e Rosè 8°
Bianchi e Rosè,Sardegna,Isola dei Nuraghi Bianco IGT ,Prama Dorada,Isola dei Nuraghi Bianco Dorada,Deperu Holler,"Vermentino, Moscato e Malvasia ",2018,Tastuma Tut,30,9,7,12-14°,8°,Bianchi e Rosè 8°
Bianchi e Rosè,Francia - Borgogna ,Bourgogne AOC ,Bourgogne Blanc Cote d'Or ,Bourgogne Blanc Cote d'Or ,Domaine Michelot,Chardonnay ,2019,Darvin ,32,0,0,12°,8°,Bianchi e Rosè 8°
Bianchi e Rosè,Francia - Loira ,Sancerre AOC,Sancerre Cote de Marloup ,Sancerre Cote de Marloup,Domaine Fleuriet,Sauvignon ,2016,Darvin ,43,0,9,12°,8°,Bianchi e Rosè 8°
Bianchi e Rosè,Francia - Jura,Arbois AOC,Chardonnay Vielles Vignes,Arbois Chardonnay Vielles Vignes,Domaine Amelie Guillot,Chardonnay,2019,Pretzhof,32,0,0,8-10°,8°,Bianchi e Rosè 8°
Bianchi e Rosè,Germania - Mosella,Riesling Spatlese,Spatlese Apotheke,Riesling Spatlese Apotheke,Ansgar Clüsserath,Riesling,2017,Pretzhof,34,0,1,8-10°,8°,Bianchi e Rosè 8°
Bianchi e Rosè,Piemonte,Langhe Rosato DOC,Carpe Vinum Rosato,Carpe Vinum Rosato,Ressia,Dolcetto,2021,Ressia,22,6,7,10-12°,8°,Bianchi e Rosè 8°
Bianchi e Rosè,Piemonte,Monferrato Chiaretto DOC,Edenrose,Edenrose,Tenuta Tenaglia,70% Barbera e 30% Grignolno,2020,Tenuta Tenaglia,18,3,5,8-10°,8°,Bianchi e Rosè 8°
Bianchi e Rosè,Sicilia,Etna Rosato DOC,Etna Rosato Martinella,Etna Rosato Martinella,Vivera,Nerello Mascalese,2019,Tastuma Tut ,22,0,2,10-12°,8°,Bianchi e Rosè 8°
Rossi,Piemonte,Dolcetto d’Alba DOC,Dolcetto d' Alba Pilade,Dolcetto d' Alba Pilade,Cascina Ballarin,Dolcetto,2019,Tastuma Tut ,18,3,5,16-18°,16°,Rossi 16°
Rossi,Piemonte,Dolcetto d’Alba DOC,Dolcetto d' Alba Patrone,Dolcetto d' Alba Patrone,Azienda Agricola Patrone Elena,Dolcetto,2021,Azienda Agricola Patrone Elena,19,0,3,16-18°,16°,Rossi 16°
Rossi,Piemonte,Dolcetto d’Alba DOC,Dolcetto d' Alba Pian Balbo,Dolcetto d' Alba Pian Balbo,Poderi Colla,Dolcetto,2021,Tastuma Tut,19,0,2,16-18°,16°,Rossi 16°
Rossi,Piemonte,Gignolino d'Asti doc,Testabalorda,Gignolino d'Asti Testabalorda,Aresca Vini,Grignolino,2021,Aresca Vini,18,0,6,13-14°,16°,Rossi 16°
Rossi,Piemonte,Gignolino d'Asti doc,Isolavilla,Gignolino d'Asti Isolavilla,Olim Bauda,Grignolino,2019,Enoteca Regionale di Nizza,18,0,7,13-14°,16°,Rossi 16°
Rossi,Piemonte,Grignolino del Monferrato Casalese DOC,Grignolino del Monferrato Casalese,Grignolino del Monferrato Casalese,Tenuta Tenaglia,Grignolno,2021,Tenuta Tenaglia,18,0,6,8-10°,8°,Rossi 8°
Rossi,Piemonte,Grignolino del Monferrato Casalese DOC,Monferace,Monferace,Tenuta Tenaglia,Grignolno,2016,Tenuta Tenaglia,35,0,6,8-10°,8°,Rossi 8°
Rossi,Piemonte,Freisa delle Langhe Doc,Brusaia,Freisa delle Langhe Brusaia,Beppe Marino,Freisa,2019,Beppe Marino,18,3,9,18°,18°,Rossi 18°
Rossi,Piemonte,Vino Rosso ,La Rina ,La Rina ,Juli,Slarina,s.a.,Eataly,23,0,4,16-18°,16°,Rossi 16°
Rossi,Piemonte,Pelaverga di Verduno DOC,Pelaverga Verduno,Pelaverga di Verduno Scarpa,Antica Casa Vinicola Scarpa,Pelaverga,2021,Antica Casa Vinicola Scarpa,22,0,1,16-18°,16°,Rossi 16°
Rossi,Piemonte,Valsusa DOC,Avanà Finiere ,Avanà Finiere,La Chimera,Avana,2020,Proposta Vini,24,3,6,16°,16°,Rossi 16°
Rossi,Piemonte,Valsusa DOC,Avanà Clarea,Avanà Clarea,Clarea,Avana,2021,Clarea,18,0,1,16°,16°,Rossi 16°
Rossi,Piemonte,Valsusa DOC,Becuet Clarea,Becuet Clarea,Clarea,Becuet,2021,Clarea,18,0,0,16°,16°,Rossi 16°
Rossi,Piemonte,Valsusa DOC,Valsusa Barbera,Valsusa Barbera,Clarea,Barbera,2019,Clarea,18,4,0,16°,16°,Rossi 16°
Rossi,Piemonte,Ruchè di Castagnole Monferrato DOCG,San Pietro Realto,Ruchè San Pietro Realto,Bersano,Ruchè,2020,Bersano Vini,22,0,1,16-18°,16°,Rossi 16°
Rossi,Piemonte,Ruchè di Castagnole Monferrato DOCG,Ruchè La Cascinetta,Ruchè La Cascinetta,La Casinetta ssa,Ruchè,2019,La Cascinetta ssa,22,12,7,16-18°,16°,Rossi 16°
Rossi,Piemonte,Ruchè di Castagnole Monferrato DOCG,Ruchè La Cascinetta Riserva,Ruchè La Cascinetta Riserva,La Casinetta ssa,Ruchè,2016,La Cascinetta ssa,29,0,6,16-18°,16°,Rossi 16°
Rossi,Piemonte,Monferrato Rosso DOC,Rouchet,Rouchet,Antica Casa Vinicola Scarpa,Ruchè,2017,Antica Casa Vinicola Scarpa,28,0,6,16°,16°,Rossi 16°
Rossi,Piemonte,Piemonte DOC Albarossa,Albarossa,Albarossa,Marenco,Albarossa,2018,Marenco,26,3,6,16°,16°,Rossi 16°
Rossi,Piemonte,Pinerolese DOC,Scarpentà,Scarpentà,Giro di Vite,Barbera,2020,Giro di Vite,18,0,1,,,
Rossi,Piemonte,Pinerolese DOC,Ramie,Arcansiel,Giro di Vite,"Bequet, Chatus, Avanà e Barbera",2020,Giro di Vite,30,0,1,,,
Rossi,Piemonte,Barbera d’Alba DOC,Pilade,Barbera d’Alba Pilade,Cascina Ballarin,Barbera,2018,Tastuma Tut ,18,12,6,16-18°,16°,Rossi 16°
Rossi,Piemonte,Barbera d’Alba DOC,Barbera d'Alba Costa Bruna,Barbera d'Alba Costa Bruna,Poderi Colla,Barbera,2020,Tastuma Tut,19,0,13,16-18°,16°,Rossi 16°
Rossi,Piemonte,Barbera d'Asti DOCG,Barbera d'Asti 5 Vigne,Barbera d'Asti 5 Vigne,La Morandina,Barbera,2020,Tastuma Tut ,18,12,8,16°,16°,Rossi 16°
Rossi,Piemonte,Barbera d'Asti DOCG,Barbera d'Asti Casascarpa,Barbera d'Asti Casascarpa,Antica Casa Vinicola Scarpa,Barbera,2018,Antica Casa Vinicola Scarpa,18,0,6,16°,16°,Rossi 16°
Rossi,Piemonte,Barbera d'Asti DOCG,Barbera d'Asti Bricchi,Barbera d'Asti Bricchi,Antica Casa Vinicola Scarpa,Barbera,2017,Antica Casa Vinicola Scarpa,30,0,6,16°,16°,Rossi 16°
Rossi,Piemonte,Barbera d'Asti DOCG,Barbera d'Asti Tenaglia,Barbera d'Asti Tenaglia,Tenuta Tenaglia,Barbera,2018,Tenuta Tenaglia,22,9,5,8-10°,8°,Rossi 8°
Rossi,Piemonte,Barbera d'Asti Superiore DOCG,La Rossa,Barbera d'Asti Superiore La Rossa,Aresca Vini,Barbera,2020,Aresca Vini,18,0,25,13-14°,16°,Rossi 16°
Rossi,Piemonte,Barbera d'Asti Superiore DOCG,Blincin,Barbera d'Asti Superiore Blincin,Bocchino,Barbera,2017,Bocchino Annalisa,20,6,6,18-20°,18°,Rossi 18°
Rossi,Piemonte,Barbera d'Asti Superiore DOCG,Caranti,Barbera d'Asti Superiore Caranti,Cascina Garitina,Barbera,2019,Cascina Garitina,18,0,8,18-20°,18°,Rossi 18°
Rossi,Piemonte,Barbera d'Asti Superiore DOCG,La Cremosina,Barbera d'Asti Superiore Cremosina,Bersano,Barbera,2018,Bersano Vini,18,0,11,16-18°,16°,Rossi 16°
Rossi,Piemonte,Barbera d'Asti Superiore DOCG,Le Rocchette,Barbera d'Asti Superiore Rocchette,Olim Bauda,Barbera,2017,Enoteca Regionale di Nizza,22,0,7,16-18°,16°,Rossi 16°
Rossi,Piemonte,Barbera d'Asti Superiore DOCG,Momparone,Barbera d'Asti Superiore Momparone,Beppe Marino,Barbera,2018,Beppe Marino,20,6,6,18°,18°,Rossi 18°
Rossi,Piemonte,Barbera d'Asti Superiore DOCG,Varmat,Barbera d'Asti Superiore Varmat,La Morandina,Barbera,2016,Tastuma Tut ,30,6,8,18-20°,18°,Rossi 18°
Rossi,Piemonte,Barbera d'Asti Superiore DOCG,La Bogliona,La Bogliona,Antica Casa Vinicola Scarpa,Barbera,2009,Antica Casa Vinicola Scarpa,55,2,3,16°,16°,Rossi 16°
Rossi,Piemonte,Barbera d'Asti Superiore DOCG,La Bogliona,La Bogliona,Antica Casa Vinicola Scarpa,Barbera,2010,Antica Casa Vinicola Scarpa,55,2,0,16°,16°,Rossi 16°
Rossi,Piemonte,Barbera d'Asti Superiore DOCG,La Bogliona,La Bogliona,Antica Casa Vinicola Scarpa,Barbera,2012,Antica Casa Vinicola Scarpa,55,2,0,16°,16°,Rossi 16°
Rossi,Piemonte,Barbera d'Asti Superiore DOCG,La Bogliona,La Bogliona,Antica Casa Vinicola Scarpa,Barbera,2014,Antica Casa Vinicola Scarpa,42,3,0,16°,16°,Rossi 16°
Rossi,Piemonte,Barbera d'Asti Superiore DOCG,La Bogliona,La Bogliona,Antica Casa Vinicola Scarpa,Barbera,2015,Antica Casa Vinicola Scarpa,42,0,2,16°,16°,Rossi 16°
Rossi,Piemonte,Barbera d'Asti Superiore DOCG,La Bogliona,La Bogliona,Antica Casa Vinicola Scarpa,Barbera,2016,Antica Casa Vinicola Scarpa,42,3,0,16°,16°,Rossi 16°
Rossi,Piemonte,Nizza DOCG,San Luigi,Nizza San Luigi,Aresca Vini,Barbera,2018,Aresca Vini,25,6,4,13-14°,16°,Rossi 16°
Rossi,Piemonte,Nizza DOCG,Due Lù,Nizza Due Lù,Bocchino,Barbera,2017,Bocchino Annalisa,25,8,6,18°,18°,Rossi 18°
Rossi,Piemonte,Nizza DOCG,Gavelli,Nizza Gavelli,Garesio ssa,Barbera,2018,Garesio ssa,25,0,2,18-20°,18°,Rossi 18°
Rossi,Piemonte,Nizza DOCG,Le Nicchie,Nizza Le Nicchie,La Gironda,Barbera,2017,Enoteca Regionale di Nizza,26,0,10,18-20°,18°,Rossi 18°
Rossi,Piemonte,Nizza DOCG,Ru,Nizza Ru,Erede di Chiappone Armando,Barbera,2013,Enoteca Regionale di Nizza,27,0,7,18-20°,18°,Rossi 18°
Rossi,Piemonte,Nizza DOCG,CEC,Nizza CEC,Cascina Garitina,Barbera,2017,Cascina Garitina,31,0,8,18-20°,18°,Rossi 18°
Rossi,Piemonte,Nizza DOCG,La Generala,Nizza La Generala,Bersano,Barbera,2016,Bersano Vini,28,0,10,16-18°,16°,Rossi 16°
Rossi,Piemonte,Nizza DOCG,Vigna Dacapo,Nizza Vigna Dacapo,Dacapo,Barbera,2016,Enoteca Regionale di Nizza,29,0,8,18°,18°,Rossi 18°
Rossi,Piemonte,Nizza DOCG,Quattrofilari,Nizza Quattrofilari,Beppe Marino,Barbera,2017,Beppe Marino,29,0,3,18°,18°,Rossi 18°
Rossi,Piemonte,Nizza DOCG,Nizza Riserva,Nizza Riserva,Olim Bauda,Barbera,2017,Enoteca Regionale di Nizza,33,0,5,18-20°,18°,Rossi 18°
Rossi,Piemonte,Nizza DOCG,Aresca Riserva,Nizza Aresca Riserva,Aresca Vini,Barbera,2016,Aresca Vini,33,0,5,13-14°,16°,Rossi 16°
Rossi,Piemonte,Roero DOCG,Valfaccenda Rosso,Roero Valfaccenda Rosso,Valfaccenda,Nebbiolo,2018,Tastuma Tut ,29,0,3,16-18°,16°,Rossi 16°
Rossi,Piemonte,Langhe DOC,Bricco del Drago,Bricco del Drago,Poderi Colla,85% Dolcetto e 15% Nebbiolo,2018,Tastuma Tut,25,0,12,16-18°,16°,Rossi 16°
Rossi,Piemonte,Nebbiolo d'Alba DOC,Nebbiolo d'Alba Drago,Nebbiolo d'Alba Drago,Poderi Colla,Nebbiolo,2018,Tastuma Tut,22,0,4,16-18°,16°,Rossi 16°
Rossi,Piemonte,Langhe Nebbiolo DOC,Langhe Nebbiolo,Langhe Nebbiolo Ballarin,Cascina Ballarin,Nebbiolo,2018,Tastuma Tut ,22,12,6,16-18°,16°,Rossi 16°
Rossi,Piemonte,Nebbiolo d'Alba DOC,Nebbiolo d'Alba,Nebbiolo d'Alba Fenochio,Giacomo Fenocchio,Nebbiolo,2020,Darvin ,22,0,1,16-18°,16°,Rossi 16°
Rossi,Piemonte,Nebbiolo d'Alba DOC,Nebbiolo d'Alba,Nebbiolo d'Alba Rocca,Albino Rocca,Nebbiolo,2018,Tastuma Tut ,23,12,6,16-18°,16°,Rossi 16°
Rossi,Piemonte,Langhe Nebbiolo DOC,Gepù,Langhe Nebbiolo Gepù,Ressia ,Nebbiolo,2018,Ressia,25,6,5,18°,18°,Rossi 18°
Rossi,Piemonte,Langhe Nebbiolo DOC,Langhe Nebbiolo Patrone,Langhe Nebbiolo Patrone,Azienda Agricola Patrone Elena,Nebbiolo,2021,Azienda Agricola Patrone Elena,22,0,3,18°,18°,Rossi 18°
Rossi,Piemonte,Gattinara DOCG,Gattinara Riserva ,Gattinara Riserva,Cantina Sociale di Gattinara ,Nebbiolo,2010,Proposta Vini ,35,0,5,18-20°,18°,Rossi 18°
Rossi,Piemonte,Carema DOCG,Carema ,Carema,Chiussuma ,Nebbiolo,2016,Proposta Vini ,50,0,5,18°,18°,Rossi 18°
Rossi,Piemonte,Barbaresco DOCG,Barbaresco Roncaglie,Barbaresco Roncaglie,Poderi Colla,Nebbiolo,2019,Tastuma Tut,45,0,5,16-18°,16°,Rossi 16°
Rossi,Piemonte,Barbaresco DOCG,Barbaresco ,Barbaresco Socrè,Socrè,Nebbiolo,2016,Cuzziol ,38,0,2,18-20°,18°,Rossi 18°
Rossi,Piemonte,Barbaresco DOCG,Barbaresco Bricco Spessa,Barbaresco Bricco Spessa,La Morandina,Nebbiolo,2018,Tastuma Tut ,38,6,4,18-20°,18°,Rossi 18°
Rossi,Piemonte,Barbaresco DOCG,Barbaresco,Barbaresco Albino Rocca,Albino Rocca,Nebbiolo,2018,Tastuma Tut ,38,6,7,18-20°,18°,Rossi 18°
Rossi,Piemonte,Barbaresco DOCG,Barbaresco Canova ,Barbaresco Canova,Ressia ,Nebbiolo,2017,Ressia,42,0,2,18°,18°,Rossi 18°
Rossi,Piemonte,Barbaresco DOCG,Barbaresco Canova ,Barbaresco Canova,Ressia ,Nebbiolo,2019,Ressia,42,0,6,18°,18°,Rossi 18°
Rossi,Piemonte,Barbaresco DOCG,Barbaresco Montersino,Barbaresco Montersino,Albino Rocca,Nebbiolo,2018,Tastuma Tut ,50,0,3,18-20°,18°,Rossi 18°
Rossi,Piemonte,Barbaresco DOCG,Barbaresco Angelo,Barbaresco Angelo,Albino Rocca,Nebbiolo,2016,Tastuma Tut ,86,2,1,18-20°,18°,Rossi 18°
Rossi,Piemonte,Barolo DOCG,Barolo Bussia ,Barolo Bussia,Poderi Colla,Nebbiolo,2018,Tastuma Tut ,55,0,4,18-20°,18°,Rossi 18°
Rossi,Piemonte,Barolo DOCG,Barolo Serralunga ,Barolo Serralunga,Ettore Germano ,Nebbiolo,2017,Ettore Germano,42,0,6,18-20°,18°,Rossi 18°
Rossi,Piemonte,Barolo DOCG,Tre Ciabot,Barolo Tre Ciabot,Cascina Ballarin,Nebbiolo,2016,Tastuma Tut ,42,0,8,18-20°,18°,Rossi 18°
Rossi,Piemonte,Barolo DOCG,Barolo,Barolo Oddero,Figli di Luigi Oddero,Nebbiolo,2016,Tastuma Tut ,48,0,3,18°,18°,Rossi 18°
Rossi,Piemonte,Barolo DOCG,Barolo Villero ,Barolo Villero,Giacomo Fenocchio,Nebbiolo,2017,Darvin ,58,0,2,18-20°,18°,Rossi 18°
Rossi,Piemonte,Barolo DOCG,Barolo Villero ,Barolo Villero,Giacomo Fenocchio,Nebbiolo,2018,Darvin ,70,0,5,18-20°,18°,Rossi 18°
Rossi,Piemonte,Barolo DOCG,Bricco Rocca ,Barolo Bricco Rocca,Cascina Ballarin,Nebbiolo,2016,Tastuma Tut ,60,0,4,18-20°,18°,Rossi 18°
Rossi,Piemonte,Barolo DOCG,Rocche Rivera,Barolo Rocche Rivera,Figli di Luigi Oddero,Nebbiolo,2016,Tastuma Tut ,87,3,6,18°,18°,Rossi 18°
Rossi,Lombardia,Rosso di Valtellina DOC,Rosso di Valtellina Olé!,Rosso di Valtellina Olé!,Dirupi,Nebbiolo,2019,Tastuma Tut ,21,5,5,16-18°,16°,Rossi 16°
Rossi,Lombardia,Valtellina Superiore DOCG,Valtellina Superiore,Valtellina Superiore,Dirupi,Nebbiolo,2016,Tastuma Tut ,28,5,5,18-20°,18°,Rossi 18°
Rossi,Lombardia,Valtellina Superiore DOCG,Grumello,Valtellina Superiore Grumello,Dirupi,Nebbiolo,2015,Tastuma Tut ,48,0,12,18-20°,18°,Rossi 18°
Rossi,Lombardia,Sforzato di Valtellina DOCG,Vino Sbagliato,Sforzato di Valtellina Vino Sbagliato,Dirupi,Nebbiolo,2016,Tastuma Tut ,75,0,2,18-20°,18°,Rossi 18°
Rossi,Trentino Alto Adige,Kaltersee Classico Superiore DOC,Quintessenz Kaltersee Classico Superiore,Quintessenz Kaltersee Classico Superiore,Kellerei Kaltern,Schiava,2021,Kellerei Kaltern,20,3,11,,,
Rossi,Trentino Alto Adige,Pinot Nero Riserva DOC,Saltner Pinot Nero,Saltner Pinot Nero,Kellerei Kaltern,Pinot Nero,2019,Kellerei Kaltern,25,6,5,,,
Rossi,Trentino Alto Adige,Lagrein Riserva DOC,Lareith Lagrein Riserva,Lareith Lagrein Riserva,Kellerei Kaltern,Lagrein,2019,Kellerei Kaltern,23,0,9,,,
Rossi,Veneto,Valpolicella Ripasso Classico Superiore DOC,Valpolicella Ripasso Classico Superiore DOC,Valpolicella Ripasso Classico Superiore DOC,Tommasi ,"Corvina 70%, Rondinella 25%, Corvinone 5%",2018,Italo Pacini,24,0,0,18-20°,18°,Rossi 18°
Rossi,Veneto,Amarone della Valpollicella Classico DOCG,Amarone della Valpollicella Classico ,Amarone della Valpollicella Classico ,Tommasi ,"Corvina 50%, Corvinone 30%, Rondinella 15%, Oseleta 5%",2016,Italo Pacini,55,0,0,18-20°,18°,Rossi 18°
Rossi,Emilia Romagna ,Ravenna Centesimino IGT,Centesimino ,Ravenna Centesimino,Ancarani ,Centesimino - Savignon rosso ,,Eataly,22,0,9,16-18°,16°,Rossi 16°
Rossi,Emilia Romagna ,Ravenna Centesimino IGT,Centesimino ,Monte Tarbato,San Biagio Vecchio,Centesimino,2018,Vininversi,22,0,10,16-18°,16°,Rossi 16°
Rossi,Toscana ,Maremma Toscana DOC ,Cigliegiolo ,Cigliegiolo ,Antonio Camillo ,Ciglieiolo ,2018,Eataly ,18,0,3,16-18°,16°,Rossi 16°
Rossi,Toscana ,Maremma Toscana DOC ,Cigliegiolo Sequerciani,Cigliegiolo Sequerciani,Sequerciani,Ciglieiolo ,2019,VinGlu,27,0,0,16-18°,16°,Rossi 16°
Rossi,Toscana ,Chianti Classico DOCG,Chianti Classico,Chianti Classico,Castello di Monsanto ,"Sangiovese 90%, Colorino Canaiolo 10%",2018,Darvin ,22,0,4,16-18°,16°,Rossi 16°
Rossi,Toscana ,Rosso di Montalcino DOC,Rosso di Montalcino ,Rosso di Montalcino ,Fattoi,Sangiovese ,2019,Darvin ,21,0,4,16-18°,16°,Rossi 16°
Rossi,Toscana ,Brunello di Montalcino DOCG,Brunello di Montalcino ,Brunello di Montalcino ,Fattoi,Sangiovese ,2017,Darvin ,43,0,7,18-20°,18°,Rossi 18°
Rossi,Umbria ,Montefalco Sagrantino DOCG,Montefalco Sagrantino Campo di Raina ,Montefalco Sagrantino Campo di Raina ,Raina ,Sagrantino ,2018,Vininversi,30,0,7,18-20°,18°,Rossi 18°
Rossi,Abruzzo,Montepulciano d'Abruzzo DOP,Montepulciano d'Abruzzo,Montepulciano d'Abruzzo,Bosco ,Montepulciano,2018,Bosco,21,12,6,8-10°,8°,Rossi 8°
Rossi,Abruzzo,Montepulciano d'Abruzzo Riserva DOP,Don Bosco,Montepulciano d'Abruzzo Riserva Don Bosco,Bosco ,Montepulciano,2018,Bosco,24,6,8,8-10°,8°,Rossi 8°
Rossi,Molise,Tintilia del Molise DOC,Tintilia Macchiarossa,Tintilia Macchiarossa,Claudio Cipressi,Tintilia,2016,Proposta Vini,29,0,3,,,
Rossi,Campania,Cilento DOP,Aglianico Kleos,Aglianico Kleos,Luigi Maffini,Aglianico,2019,Tastuma Tut ,22,0,0,16-18°,16°,Rossi 16°
Rossi,Campania,Cilento DOP,Aglianico Cenito,Aglianico Cenito,Luigi Maffini,Aglianico,2010,Tastuma Tut ,35,0,6,18-20°,18°,Rossi 18°
Rossi,Campania,Sannio DOC Aglianico,Clanius,Aglianico del Sannio Clanius,Caputo 1890,Aglianico,2020,Caputo1890,20,0,5,10-14°,8°,Rossi 8°
Rossi,Campania,Lacryma Christi del Vesuvio DOC,Lacryma Christi del Vesuvio Rosso,Lacryma Christi del Vesuvio Rosso,Caputo 1890,Piedirosso 80% e aglianico 20%,2021,Caputo1890,19,0,2,10-14°,8°,Rossi 8°
Rossi,Campania,Taurasi DOCG,Taurasi Caputo,Taurasi Caputo,Caputo 1890,Aglianico,2017,Caputo1890,35,0,3,10-14°,8°,Rossi 8°
Rossi,Basilicata,Aglianico del Vulture DOC,Rotondo Aglianico del Vulture,Paternoster Rotondo Aglianico del Vulture 2017,Paternoster,Aglianico,2017,Italo Pacini,35,0,7,16-18°,16°,Rossi 16°
Rossi,Basilicata,Aglianico del Vulture DOC,Rotondo Aglianico del Vulture,Paternoster Rotondo Aglianico del Vulture 2013,Paternoster,Aglianico,2013,Italo Pacini,42,0,3,16-18°,16°,Rossi 16°
Rossi,Sicilia,Perricone DOC,Perricone,Perricone,Tenuta Orestiadi,Perricone,2020,Tenuta Orestiadi,19,0,5,16-18°,16°,Rossi 16°
Rossi,Sicilia,Vittoria  DOC,Frappato Mandragola,Frappato Mandragola,Paolo Calì,Frappato,2017,Tastuma Tut ,19,0,3,16-18°,16°,Rossi 16°
Rossi,Sicilia,Nero d'Avola Vittoria DOC,Nero d'Avola Violino,Nero d' Avola Violino,Paolo Calì,Nero d'Avola,2017,Tastuma Tut ,19,0,3,16-18°,16°,Rossi 16°
Rossi,Sicilia,Cerasuolo di Vittoria Classico DOCG,Cerasuolo di Vittoria Manene,Cerasuolo di Vittoria Manene,Paolo Calì,Frappato (60%) e Nero d'Avola (40%),2018,Tastuma Tut ,21,6,6,14-16°,16°,Rossi 16°
Rossi,Sicilia,Etna Rosso DOC,Etna Rosso Martinella,Etna Rosso Martinella,Vivera,"Nerello Mascalese 90%, Nerello Cappuccio 10%",2013,Tastuma Tut ,30,3,5,18-20°,18°,Rossi 18°
Rossi,Sicilia,Etna Rosso DOC,Etna Rosso Arcuria,Etna Rosso Arcuria,Calcagno,"Nerello Mascalese 90%, Nerello Cappuccio 10%",2017,Darvin ,34,0,4,18-20°,18°,Rossi 18°
Rossi,Sicilia,Vino Rosso ,Storia,Gisira Storia,Gisira,Nero d'Avola,2022,Gisira,19,0,1,18-20°,18°,Rossi 18°
Rossi,Sicilia,Vino Rosso ,Sogno,Gisira Sogno,Gisira,Syrah,2022,Gisira,19,3,8,18-20°,18°,Rossi 18°
Rossi,Sicilia,Vino Rosso ,Realtà,Gisira Realtà,Gisira,Syrah e Nero d'Avola,2022,Gisira,19,3,4,18-20°,18°,Rossi 18°
Rossi,Sardegna,Isola dei Nuraghi Rosso IGT ,Familia Isola ,Isola dei Nuraghi Familia Isola,Deperu Holler,"Maristellu, Bovale Sardo e Cannonau ",2018,Tastuma Tut,19,9,7,14-16°,16°,Rossi 16°
Rossi,Sardegna,Isola dei Nuraghi Rosso IGT ,Ottomani,Ottomani,Deperu Holler,Vari vitigni a bacca rossa e bianca,2021,Tastuma Tut,21,9,0,12-14°,8°,Rossi 8°
Rossi,Francia - Borgogna,Bourgogne Pinot Noir,Bourgogne Pinot Noir,Bourgogne Pinot Noir,Schaller,Pinot Noir,2020,Darvin ,29,0,1,14-16°,16°,Rossi 16°
Rossi,Francia - Jura,Arbois AOC,Trousseau en Tartot,Arbois Trousseau en Tartot,Amelie Guillot,Trousseau,2018,Pretzhof,34,0,2,16-18°,16°,Rossi 16°
Vini da dessert,Piemonte,Moscato d'Asti DOCG,Moscato d'Asti,Moscato d'Asti,La Morandina,Moscato ,2020,Tastuma Tut ,18,6,6,8-10°,8°,Vini da dessert 8°
Vini da dessert,Piemonte,Moscato d'Asti DOCG,Moscato d'Asti Scarpona,Moscato d'Asti Scrapona,Marenco,Moscato ,2021,Marenco,18,0,0,8-10°,8°,Vini da dessert 8°
Vini da dessert,Piemonte,Moscato Vendemmia Tardiva,Mesicaseu,Mesicaseu,L'Armangia,75% Moscato  e 25% Chardonnay,,Darvin ,18,0,6,10-12°,8°,Vini da dessert 8°
Vini da dessert,Piemonte,Passito di Barbera,Ciresa,Passito di Barbera Ciresa,Serra Domenico,Barbera,,Enoteca Regionale di Nizza,25,0,7,8-10°,8°,Vini da dessert 8°
Vini da dessert,Piemonte,Vino aromatizzato ,Barolo Chinato ,Barolo Chinato ,Cocchi ,,s.a.,Eataly ,29,0,2,12-14°,16°,Vini da dessert 16°
Vini da dessert,Piemonte,Vino rosso dolce ,Paruss rosso da uve stramature,Paruss rosso da uve stramature,Parusso ,Nebbiolo ,2011,Cuzziol,50,0,4,12-14°,16°,Vini da dessert 16°
Vini da dessert,Piemonte,Moscato Passito,Albarosa,Moscato Passito Albarosa,Beppe Marino,Moscato ,,Beppe Marino,25,0,2,10-12°,8°,Vini da dessert 8°
Vini da dessert,Emilia Romagna ,Albana Passito,Anforghettabol,Anforghettabol,San Biagio Vecchio,Albana,2020,Vininversi,35,0,7,,,
Vini da dessert,Sicilia ,Terre Siciliane IGT ,Zibibbo liquoroso Bio ,Zibibbo liquoroso Bio ,Pellegrino ,,2018,Eataly ,17,0,1,12-14°,16°,Vini da dessert 16°
Vini da dessert,Sicilia ,Malvasia delle Lipari DOC ,Malvasia delle Lipari ,Malvasia delle Lipari ,Hauner,,2018,Eataly ,35,0,5,10-12°,8°,Vini da dessert 8°
Vini da dessert,Sicilia ,Passito di Pantelleria,Passito di Pantelleria,NES Passito di Pantelleria,Pellegrino ,,2017,Eataly ,28,0,5,10-12°,8°,Vini da dessert 8°
Vini da dessert,Sicilia ,Terre Siciliane IGT ,Paxmentis,Paxmentis,Tenuta Orestiadi,Syrah,2020,Tenuta Orestiadi,21,0,4,10-12°,8°,Vini da dessert 8°
Vini da dessert,Sicilia ,Terre Siciliane IGT ,Pacenzia,Pacenzia,Tenuta Orestiadi,Zibibbo Vendemmia Tardiva,,Tenuta Orestiadi,21,0,5,10-12°,8°,Vini da dessert 8°
Vini da dessert,Francia ,Sauternes AOC,Sauternes,Sauternes,Chateau Roumieu ,,2017,Cuzziol,19,0,1,10-12°,8°,Vini da dessert 8°
Vini da dessert,Francia ,Sauternes AOC,Sauternes,Sauternes,Chateau Roumieu ,,2017,Cuzziol,38,0,6,1,,1
Vini da dessert,Spagna ,Jerez,PX en rama Cruz Vieja,Jerez PX en rama Cruz Vieja,Bodega Faustino Gonzales,Pedro Ximenez,,Darvin ,48,0,1,15-17°,16°,Vini da dessert 16°
Vini da dessert,Spagna ,Jerez,Fino en rama Cruz Vieja,Jerez Fino en rama Cruz Vieja,Bodegas  Faustino Gonzales,Palomino ,,Darvin ,44,0,3,8-10°,8°,Vini da dessert 8°
Vini da dessert,Spagna ,Jerez,Oloroso en rama Cruz Vieja,Jerez Oloroso en rama Cruz Vieja,Bodegas  Faustino Gonzales,Palomino ,,Darvin ,57,0,2,15-17°,16°,Vini da dessert 16°